the stool's gonna  tip over.,,,
"and the girl's saying  ""/.",,,
""" shh don't let somebody hear.",,,
and the mother's drying dishes.,,,
the water's running out into the floor.,,,
cups and plates are sitting on the counter.,,,
ou you can look out the window and see the shrubbery.,,,
um the lid's sideways from the cookie jar.,,,
the door is open on the cabinet.,,,
um mother apparently doesn't really notice well enough .,,,
hm curtains are hanging on the window.,,,
the window is open.,,,
