uh fellow falling off a stool.,,,,,
also taking cookies from the cupboard.,,,,,
uh sister standing.,,,,,
outstretched hand.,,,,,
"oh, okay.",,,,,
water running out of the sink.,,,,,
uh woman drying dish.,,,,,
uh . the water  got the water.,,,,,
I don't see anything happening  outside.,,,,,
uh do  do you want like the window's open,that,sort,of,thing,?
is that  is that  ..?,,,,,
"no, you don't want that.",,,,,
just action  //?,,,,,
oh.,,,,,
okay.,,,,,
that's it.,,,,,
I didn't see any other action.,,,,,
