the sink  the water running over in the sink.,,,,,,,,,,,,,,,,,,,,,,
the boy's taking cookies from the cookie jar and,he,l the stool,is,falling,over,and,the,little,girl,has,her,hands,up,to,her,mouth,in,other,words,to,be,quiet.
um and the stool's falling.,,,,,,,,,,,,,,,,,,,,,,
yeah that's it.,,,,,,,,,,,,,,,,,,,,,,
she has her hand up for him to pass her a cookie,then,be quiet.,,,,,,,,,,,,,,,,,,,,
mother's  ...,,,,,,,,,,,,,,,,,,,,,,
the dishes in the sink s  //.,,,,,,,,,,,,,,,,,,,,,,
yeah okay.,,,,,,,,,,,,,,,,,,,,,,
